{"cameraMode":{"drawMode":0,"name":"Shaded","section":"Shading Mode"},"sceneLighting":false,"audioPlay":false,"sceneViewState":{"showFog":true,"showMaterialUpdate":false,"showSkybox":false,"showFlares":true,"showImageEffects":true,"showParticleSystems":true},"in2DMode":false,"pivot":{"x":6.863437652587891,"y":1.1823692321777344,"z":-5.045841693878174},"rotation":{"x":0.0958561971783638,"y":-0.011949553154408932,"z":0.0011486689327284694,"w":0.9953311085700989},"size":1.53830885887146,"orthographic":false}