{"cameraMode":{"drawMode":0,"name":"Shaded","section":"Shading Mode"},"sceneLighting":false,"audioPlay":false,"sceneViewState":{"showFog":true,"showMaterialUpdate":false,"showSkybox":false,"showFlares":true,"showImageEffects":true,"showParticleSystems":true},"in2DMode":false,"pivot":{"x":2.052572727203369,"y":0.44956591725349429,"z":3.2778124809265138},"rotation":{"x":-0.10933028161525727,"y":0.38355955481529238,"z":-0.04578610509634018,"w":-0.9158796668052673},"size":4.892038822174072,"orthographic":false}