{"cameraMode":{"drawMode":0,"name":"Shaded","section":"Shading Mode"},"sceneLighting":false,"audioPlay":false,"sceneViewState":{"showFog":true,"showMaterialUpdate":false,"showSkybox":false,"showFlares":true,"showImageEffects":true,"showParticleSystems":true},"in2DMode":false,"pivot":{"x":6.904956817626953,"y":0.7419391870498657,"z":4.259449005126953},"rotation":{"x":-0.2994306981563568,"y":0.3132178485393524,"z":-0.10477472096681595,"w":-0.8951308131217957},"size":2.8573384284973146,"orthographic":false}