{"cameraMode":{"drawMode":0,"name":"Shaded","section":"Shading Mode"},"sceneLighting":false,"audioPlay":false,"sceneViewState":{"showFog":true,"showMaterialUpdate":false,"showSkybox":false,"showFlares":true,"showImageEffects":true,"showParticleSystems":true},"in2DMode":false,"pivot":{"x":3.205460786819458,"y":1.000241756439209,"z":6.3229899406433109},"rotation":{"x":0.26860979199409487,"y":-0.5641268491744995,"z":0.20082591474056245,"w":0.754516065120697},"size":4.922177314758301,"orthographic":false}