{"cameraMode":{"drawMode":0,"name":"Shaded","section":"Shading Mode"},"sceneLighting":false,"audioPlay":false,"sceneViewState":{"showFog":true,"showMaterialUpdate":false,"showSkybox":false,"showFlares":true,"showImageEffects":true,"showParticleSystems":true},"in2DMode":false,"pivot":{"x":-3.0322494506835939,"y":0.37463292479515078,"z":3.1243879795074465},"rotation":{"x":0.26860979199409487,"y":-0.5641268491744995,"z":0.20082591474056245,"w":0.754516065120697},"size":3.216496229171753,"orthographic":false}