{"cameraMode":{"drawMode":0,"name":"Shaded","section":"Shading Mode"},"sceneLighting":false,"audioPlay":false,"sceneViewState":{"showFog":true,"showMaterialUpdate":false,"showSkybox":false,"showFlares":true,"showImageEffects":true,"showParticleSystems":true},"in2DMode":false,"pivot":{"x":-1.6984038352966309,"y":0.49832379817962649,"z":4.972788333892822},"rotation":{"x":-0.14073775708675385,"y":0.3377288579940796,"z":-0.05114968493580818,"w":-0.9292565584182739},"size":6.536752700805664,"orthographic":false}