{"cameraMode":{"drawMode":0,"name":"Shaded","section":"Shading Mode"},"sceneLighting":false,"audioPlay":false,"sceneViewState":{"showFog":true,"showMaterialUpdate":false,"showSkybox":false,"showFlares":true,"showImageEffects":true,"showParticleSystems":true},"in2DMode":false,"pivot":{"x":3.5160298347473146,"y":1.7373604774475098,"z":-2.8431038856506349},"rotation":{"x":0.26860979199409487,"y":-0.5641268491744995,"z":0.20082591474056245,"w":0.754516065120697},"size":2.082698106765747,"orthographic":false}