{"cameraMode":{"drawMode":0,"name":"Shaded","section":"Shading Mode"},"sceneLighting":true,"audioPlay":false,"sceneViewState":{"showFog":true,"showMaterialUpdate":false,"showSkybox":true,"showFlares":true,"showImageEffects":true,"showParticleSystems":true},"in2DMode":false,"pivot":{"x":1.862645149230957e-9,"y":0.0051359920762479309,"z":-9.313225746154786e-10},"rotation":{"x":0.18704426288604737,"y":-0.36016350984573367,"z":0.07394469529390335,"w":0.9109587669372559},"size":4.581167221069336,"orthographic":false}