{"cameraMode":{"drawMode":0,"name":"Shaded","section":"Shading Mode"},"sceneLighting":false,"audioPlay":false,"sceneViewState":{"showFog":true,"showMaterialUpdate":false,"showSkybox":false,"showFlares":true,"showImageEffects":true,"showParticleSystems":true},"in2DMode":false,"pivot":{"x":6.815760612487793,"y":0.21994557976722718,"z":-1.594738483428955},"rotation":{"x":0.0958561971783638,"y":-0.011949553154408932,"z":0.0011486689327284694,"w":0.9953311085700989},"size":0.8318283557891846,"orthographic":false}