{"cameraMode":{"drawMode":0,"name":"Shaded","section":"Shading Mode"},"sceneLighting":true,"audioPlay":false,"sceneViewState":{"showFog":true,"showMaterialUpdate":false,"showSkybox":true,"showFlares":true,"showImageEffects":true,"showParticleSystems":true},"in2DMode":false,"pivot":{"x":0.5406734943389893,"y":0.3469163775444031,"z":0.968417763710022},"rotation":{"x":0.1766151785850525,"y":-0.10168081521987915,"z":0.018339984118938447,"w":0.9788511991500855},"size":2.1616322994232179,"orthographic":false}