{"cameraMode":{"drawMode":0,"name":"Shaded","section":"Shading Mode"},"sceneLighting":false,"audioPlay":false,"sceneViewState":{"showFog":true,"showMaterialUpdate":false,"showSkybox":false,"showFlares":true,"showImageEffects":true,"showParticleSystems":true},"in2DMode":false,"pivot":{"x":4.263848304748535,"y":0.3318263292312622,"z":0.505526065826416},"rotation":{"x":0.1523238718509674,"y":-0.03409543260931969,"z":0.005256512202322483,"w":0.9877365231513977},"size":5.514501571655273,"orthographic":false}