{"cameraMode":{"drawMode":0,"name":"Shaded","section":"Shading Mode"},"sceneLighting":false,"audioPlay":false,"sceneViewState":{"showFog":true,"showMaterialUpdate":false,"showSkybox":false,"showFlares":true,"showImageEffects":true,"showParticleSystems":true},"in2DMode":false,"pivot":{"x":6.665909767150879,"y":0.6526550054550171,"z":-2.7359890937805177},"rotation":{"x":0.26860979199409487,"y":-0.5641268491744995,"z":0.20082591474056245,"w":0.754516065120697},"size":2.9180502891540529,"orthographic":false}