{"cameraMode":{"drawMode":0,"name":"Shaded","section":"Shading Mode"},"sceneLighting":false,"audioPlay":false,"sceneViewState":{"showFog":true,"showMaterialUpdate":false,"showSkybox":false,"showFlares":true,"showImageEffects":true,"showParticleSystems":true},"in2DMode":false,"pivot":{"x":3.560551643371582,"y":1.7625184059143067,"z":-3.9967594146728517},"rotation":{"x":-0.13101400434970857,"y":-0.8239735960960388,"z":0.21216052770614625,"w":-0.5088281035423279},"size":2.08270001411438,"orthographic":false}