{"cameraMode":{"drawMode":0,"name":"Shaded","section":"Shading Mode"},"sceneLighting":false,"audioPlay":false,"sceneViewState":{"showFog":true,"showMaterialUpdate":false,"showSkybox":false,"showFlares":true,"showImageEffects":true,"showParticleSystems":true},"in2DMode":false,"pivot":{"x":6.330467224121094,"y":0.534751832485199,"z":-4.776300430297852},"rotation":{"x":0.26860979199409487,"y":-0.5641268491744995,"z":0.20082591474056245,"w":0.754516065120697},"size":2.0347654819488527,"orthographic":false}