{"cameraMode":{"drawMode":0,"name":"Shaded","section":"Shading Mode"},"sceneLighting":false,"audioPlay":false,"sceneViewState":{"showFog":true,"showMaterialUpdate":false,"showSkybox":false,"showFlares":true,"showImageEffects":true,"showParticleSystems":true},"in2DMode":false,"pivot":{"x":0.5943872332572937,"y":1.008884310722351,"z":6.3371758460998539},"rotation":{"x":0.019508017227053644,"y":-0.009003670886158944,"z":0.00016924619558267295,"w":0.9997777342796326},"size":4.398996353149414,"orthographic":false}